id,emri,lloji_trashegimise,kategoria,periudha,periudha_detaj,komuna,rajon,lat,lon,easting_kosovaref01,northing_kosovaref01,sistemi_projeksion,koordinata_burimi,saktesia_koordinates,gjendja,status_mbrojtjes,pershkrim_i_shkurter,burimi,url_dtk,verifikuar,shenime
"LUA-001","Cigarellëk","luajtshme","objekt_luajtshme","i panjohur","","Kaçanik","Kosovë","42.2280602","21.2579777","7521295.038","4676533.304","EPSG:9141 (KOSOVAREF01 / Balkans zone 7)","OSM Nominatim / DTK","e përafërt","e mirë","e pa përcaktuar","Cigarellëk - Ka shërbyer për pirjen e duhanit, Begracë - Kaçanik. Shek. XIX.","DTK","https://dtk.rks-gov.net/Objekti?heritageId=9806","po","klasa=N.A.; heritageId=9806"
"LUA-002","Mbajtëse gotash (Ferash)","luajtshme","objekt_luajtshme","i panjohur","","Kaçanik","Kosovë","42.2280602","21.2579777","7521295.038","4676533.304","EPSG:9141 (KOSOVAREF01 / Balkans zone 7)","OSM Nominatim / DTK","e përafërt","e mirë","e pa përcaktuar","Mbajtëse gotash (Ferash) -Është gjetur në Begracë të Kaçanikut, i përket gjysmës së parë të shek XX.","DTK","https://dtk.rks-gov.net/Objekti?heritageId=9799","po","klasa=N.A.; heritageId=9799"
"LUA-003","Këmishë burri","luajtshme","objekt_luajtshme","i panjohur","","Klinë","Kosovë","42.6179925","20.5761100","7465225.697","4719898.119","EPSG:9141 (KOSOVAREF01 / Balkans zone 7)","OSM Nominatim / DTK","e përafërt","e mirë","e pa përcaktuar","Këmishë burri- Pjesë e veshjes popullore shqiptare, nga pëlhura e punuar në vek. I përket shek.XX","DTK","https://dtk.rks-gov.net/Objekti?heritageId=9822","po","klasa=N.A.; heritageId=9822"
"LUA-004","Arkë","luajtshme","objekt_luajtshme","i panjohur","","N.A.","Kosovë","42.6638771","21.1640849","7513450.997","4724920.686","EPSG:9141 (KOSOVAREF01 / Balkans zone 7)","OSM Nominatim (Prishtinë, Kosovo)","e përafërt","e mirë","e pa përcaktuar","Arkë- është orendi e cila ka shërbyer për vendosjen e rrobave dhe stolive të ndryshme. Është një objekt personal i çdo gruaje, në të cilen janë ruajtur gjërat personale dhe intime, është blerë me rastin e marteses, pra k...","DTK","https://dtk.rks-gov.net/Objekti?heritageId=9808","po","klasa=N.A.; heritageId=9808"
"LUA-005","Çerep","luajtshme","objekt_luajtshme","i panjohur","","N.A.","Kosovë","42.6638771","21.1640849","7513450.997","4724920.686","EPSG:9141 (KOSOVAREF01 / Balkans zone 7)","OSM Nominatim (Prishtinë, Kosovo)","e përafërt","e mirë","e pa përcaktuar","Enë balte e punuar nga shtëpiaket për pjekjen e bukës, në përdorim deri në shek. XX.","DTK","https://dtk.rks-gov.net/Objekti?heritageId=9790","po","klasa=N.A.; heritageId=9790"
"LUA-006","Djep foshnjash","luajtshme","objekt_luajtshme","i panjohur","","N.A.","Kosovë","42.6638771","21.1640849","7513450.997","4724920.686","EPSG:9141 (KOSOVAREF01 / Balkans zone 7)","OSM Nominatim (Prishtinë, Kosovo)","e përafërt","e mirë","e pa përcaktuar","Djep foshnjash -I punuar nga druri, ka shërbyer si shtrat fëmije dhe për përkundjen e tyre. I përdorur deri në shek. XX.","DTK","https://dtk.rks-gov.net/Objekti?heritageId=9804","po","klasa=N.A.; heritageId=9804"
"LUA-007","Furkë","luajtshme","objekt_luajtshme","i panjohur","","N.A.","Kosovë","42.6638771","21.1640849","7513450.997","4724920.686","EPSG:9141 (KOSOVAREF01 / Balkans zone 7)","OSM Nominatim (Prishtinë, Kosovo)","e përafërt","e mirë","e pa përcaktuar","Mjet i prodhuar nga druri që ka shërbyer për tjerrjen e leshit, linit etj. I përket shek. XX","DTK","https://dtk.rks-gov.net/Objekti?heritageId=9812","po","klasa=N.A.; heritageId=9812"
"LUA-008","Ibrik druri","luajtshme","objekt_luajtshme","i panjohur","","N.A.","Kosovë","42.6638771","21.1640849","7513450.997","4724920.686","EPSG:9141 (KOSOVAREF01 / Balkans zone 7)","OSM Nominatim (Prishtinë, Kosovo)","e përafërt","e mirë","e pa përcaktuar","Enë për mbajtjen e ujit. I përket shek. XIX.","DTK","https://dtk.rks-gov.net/Objekti?heritageId=9798","po","klasa=N.A.; heritageId=9798"
"LUA-009","Këmishë femrash","luajtshme","objekt_luajtshme","i panjohur","","N.A.","Kosovë","42.6638771","21.1640849","7513450.997","4724920.686","EPSG:9141 (KOSOVAREF01 / Balkans zone 7)","OSM Nominatim (Prishtinë, Kosovo)","e përafërt","e mirë","e pa përcaktuar","Këmishë femrash- Është pjesë e veshjes popullore të Rrafshit të Dukagjinit, nga pëlhura e punuar në vek . Pjesa e përpareme e jakës është e prerë në formë të germës "" T "" , ndërsa jaka dhe mëngët janë të zbukuruara me mo...","DTK","https://dtk.rks-gov.net/Objekti?heritageId=9824","po","klasa=N.A.; heritageId=9824"
"LUA-010","Këmishë femrash","luajtshme","objekt_luajtshme","i panjohur","","N.A.","Kosovë","42.6638771","21.1640849","7513450.997","4724920.686","EPSG:9141 (KOSOVAREF01 / Balkans zone 7)","OSM Nominatim (Prishtinë, Kosovo)","e përafërt","e mirë","e pa përcaktuar","Këmishë femrash- Pjesë e veshjës popullore të Drenicës. Është e punuar prej pelhurës e endur në vek. Si te mëngët ashtu edhe tek jaka është e zbukuruar me motive të ndryshme dhe ngjyra të shumëllojshme. Shek.XX","DTK","https://dtk.rks-gov.net/Objekti?heritageId=9825","po","klasa=N.A.; heritageId=9825"
"LUA-011","Këmishë femrash","luajtshme","objekt_luajtshme","i panjohur","","N.A.","Kosovë","42.2663000","21.2947000","7524311.633","4680790.314","EPSG:9141 (KOSOVAREF01 / Balkans zone 7)","OSM Nominatim / DTK","e përafërt","e mirë","e pa përcaktuar","Këmishë femrash-është pjesë e veshjes popullore të Medvegjes, nga pëlhura e endur ne vek. Mëngët dhe jaka janë të qendisura me gjilpër me motive të ndryshme.","DTK","https://dtk.rks-gov.net/Objekti?heritageId=9826","po","klasa=N.A.; heritageId=9826"
"LUA-012","Knatë (Testi)","luajtshme","objekt_luajtshme","i panjohur","","N.A.","Kosovë","42.6638771","21.1640849","7513450.997","4724920.686","EPSG:9141 (KOSOVAREF01 / Balkans zone 7)","OSM Nominatim (Prishtinë, Kosovo)","e përafërt","e mirë","e pa përcaktuar","Enë nga argjili për mbajtjen e ujit të pijshëm dhe pijeve të tjera. I përket shek. XX.","DTK","https://dtk.rks-gov.net/Objekti?heritageId=9791","po","klasa=N.A.; heritageId=9791"
"LUA-013","Legen","luajtshme","objekt_luajtshme","i panjohur","","N.A.","Kosovë","42.6638771","21.1640849","7513450.997","4724920.686","EPSG:9141 (KOSOVAREF01 / Balkans zone 7)","OSM Nominatim (Prishtinë, Kosovo)","e përafërt","e mirë","e pa përcaktuar","Objekt druri, që ka shërbyer për të pastruar këmbët, duart dhe shërbime të tjera në përditshmëri, shek. XX","DTK","https://dtk.rks-gov.net/Objekti?heritageId=9797","po","klasa=N.A.; heritageId=9797"
"LUA-014","Marhamë","luajtshme","objekt_luajtshme","i panjohur","","N.A.","Kosovë","42.6638771","21.1640849","7513450.997","4724920.686","EPSG:9141 (KOSOVAREF01 / Balkans zone 7)","OSM Nominatim (Prishtinë, Kosovo)","e përafërt","e mirë","e pa përcaktuar","Marhamë- Është e endur në vek, e punuar nga pambuku dhe mëndafshi. Në dy skajet e gjërsisë së marhamës janë punuar zbukurime me qëndisje. Qëndisja është bërë me fije mëndafshi dhe fije ari, duke fituar motive të ndryshme...","DTK","https://dtk.rks-gov.net/Objekti?heritageId=9842","po","klasa=N.A.; heritageId=9842"
"LUA-015","Opingat","luajtshme","objekt_luajtshme","i panjohur","","N.A.","Kosovë","42.6638771","21.1640849","7513450.997","4724920.686","EPSG:9141 (KOSOVAREF01 / Balkans zone 7)","OSM Nominatim (Prishtinë, Kosovo)","e përafërt","e mirë","e pa përcaktuar","Opinga- punoheshin krejtësisht prej lëkurës së gjedheve. Më vonë dredhat e lëkurës , aty-këtu, filluan të zëvendësohen më ,, sixhima’’ dhe kështu filluan të përdoren opingat,, me ,,përkryesa’’të cilat tipologjikisht nuk ...","DTK","https://dtk.rks-gov.net/Objekti?heritageId=9833","po","klasa=N.A.; heritageId=9833"
"LUA-016","Plisi","luajtshme","objekt_luajtshme","i panjohur","","N.A.","Kosovë","42.6638771","21.1640849","7513450.997","4724920.686","EPSG:9141 (KOSOVAREF01 / Balkans zone 7)","OSM Nominatim (Prishtinë, Kosovo)","e përafërt","e mirë","e pa përcaktuar","Plisi - është pjesë e veshjes tradicionale shqiptare për meshkuj. Vendoset në kokë dhe shpesh herë cilësohet si më i veçanti, pasi që ai përdoret vetëm ndër shqiptarë. Është i punuar nga leshi i delës nga zejtarë shqipta...","DTK","https://dtk.rks-gov.net/Objekti?heritageId=9832","po","klasa=N.A.; heritageId=9832"
"LUA-017","Qilim","luajtshme","objekt_luajtshme","i panjohur","","N.A.","Kosovë","42.3187997","21.3571197","7529436.571","4686641.055","EPSG:9141 (KOSOVAREF01 / Balkans zone 7)","OSM Nominatim / DTK","e përafërt","e mirë","e pa përcaktuar","Qilim – i endur në vek prej fijeve të leshit. Është i përbëre nga tri polla të barabarta. Ka një kolorit ngjyrash të ndryshme. Në tërë siperfaqen e tij ka një ornamentik të pasur, në të cilin janë realizuar kryesisht mot...","DTK","https://dtk.rks-gov.net/Objekti?heritageId=9855","po","klasa=N.A.; heritageId=9855"
"LUA-018","Rozetë tavani (Tavanishte)","luajtshme","objekt_luajtshme","i panjohur","","N.A.","Kosovë","42.6638771","21.1640849","7513450.997","4724920.686","EPSG:9141 (KOSOVAREF01 / Balkans zone 7)","OSM Nominatim (Prishtinë, Kosovo)","e përafërt","e mirë","e pa përcaktuar","Është pjesë dekori për tavanishte (dhomë), është punuar nga mjeshtër popullor. Teknika e punimit është me mjete klasike , si daltë, brisk etj. I takon fillimit të shek. XX","DTK","https://dtk.rks-gov.net/Objekti?heritageId=9794","po","klasa=N.A.; heritageId=9794"
"LUA-019","Rreth i fëmijëve","luajtshme","objekt_luajtshme","i panjohur","","N.A.","Kosovë","42.6638771","21.1640849","7513450.997","4724920.686","EPSG:9141 (KOSOVAREF01 / Balkans zone 7)","OSM Nominatim (Prishtinë, Kosovo)","e përafërt","e mirë","e pa përcaktuar","Rreth i fëmijëve -Punim druri, ka shërbyer për të vendosur fëmijën. I përdorur deri në shek. XX.","DTK","https://dtk.rks-gov.net/Objekti?heritageId=9805","po","klasa=N.A.; heritageId=9805"
"LUA-020","Shkam","luajtshme","objekt_luajtshme","i panjohur","","N.A.","Kosovë","42.6638771","21.1640849","7513450.997","4724920.686","EPSG:9141 (KOSOVAREF01 / Balkans zone 7)","OSM Nominatim (Prishtinë, Kosovo)","e përafërt","e mirë","e pa përcaktuar","Objekt druri, i cili ka shërbyer për t'u ulur. Fundi shek. XIX","DTK","https://dtk.rks-gov.net/Objekti?heritageId=9796","po","klasa=N.A.; heritageId=9796"
"LUA-021","Shportë për mbajtjen e lugëve","luajtshme","objekt_luajtshme","i panjohur","","N.A.","Kosovë","42.6638771","21.1640849","7513450.997","4724920.686","EPSG:9141 (KOSOVAREF01 / Balkans zone 7)","OSM Nominatim (Prishtinë, Kosovo)","e përafërt","e mirë","e pa përcaktuar","Shportë për mbajtjen e lugëve. Prodhim nga druri, shek. XX.","DTK","https://dtk.rks-gov.net/Objekti?heritageId=9800","po","klasa=N.A.; heritageId=9800"
"LUA-022","Tabak i kafesë","luajtshme","objekt_luajtshme","i panjohur","","N.A.","Kosovë","42.6638771","21.1640849","7513450.997","4724920.686","EPSG:9141 (KOSOVAREF01 / Balkans zone 7)","OSM Nominatim (Prishtinë, Kosovo)","e përafërt","e mirë","e pa përcaktuar","Dy pamje të tabakut të kafesë (Drugdhendje) -E përdorur për të vendosur kafenë e pjekur deri sa ftohej, e cila pastaj bluhej në mullirin e kafesë, shek. XIX.","DTK","https://dtk.rks-gov.net/Objekti?heritageId=9801","po","klasa=N.A.; heritageId=9801"
"LUA-023","Tavolinë","luajtshme","objekt_luajtshme","i panjohur","","N.A.","Kosovë","42.6638771","21.1640849","7513450.997","4724920.686","EPSG:9141 (KOSOVAREF01 / Balkans zone 7)","OSM Nominatim (Prishtinë, Kosovo)","e përafërt","e mirë","e pa përcaktuar","Tavolinë e prodhuar nga druri, nga mjeshtër popullor të kualifikuar për këtë zeje.Tavolina përbëhet nga pjesa e sipërme prej gjashtë këndeve, dhe gjashtë këmbëve. Përshkohet me motive gjeometrike, floreale etj. I përket ...","DTK","https://dtk.rks-gov.net/Objekti?heritageId=9807","po","klasa=N.A.; heritageId=9807"
"LUA-024","Vegsh","luajtshme","objekt_luajtshme","i panjohur","","N.A.","Kosovë","42.6638771","21.1640849","7513450.997","4724920.686","EPSG:9141 (KOSOVAREF01 / Balkans zone 7)","OSM Nominatim (Prishtinë, Kosovo)","e përafërt","e mirë","e pa përcaktuar","Enë për zierje gjellërash. Përdorur deri në shek. XX.","DTK","https://dtk.rks-gov.net/Objekti?heritageId=9792","po","klasa=N.A.; heritageId=9792"
"LUA-025","Xhubleta","luajtshme","objekt_luajtshme","i panjohur","","N.A.","Kosovë","42.6638771","21.1640849","7513450.997","4724920.686","EPSG:9141 (KOSOVAREF01 / Balkans zone 7)","OSM Nominatim (Prishtinë, Kosovo)","e përafërt","e mirë","e pa përcaktuar","Xhubleta – është veshur në krahinën e Malësis së Madhe. Xhubleta është një fund në trajtë këmbane, që vjen i valëzuar përfundi, sidomos në pjesën e prapme. Bëhej nga një numër i madh copash e rripash të ngushtë shajaku, ...","DTK","https://dtk.rks-gov.net/Objekti?heritageId=9827","po","klasa=N.A.; heritageId=9827"
"LUA-026","Veshje popullore burri","luajtshme","objekt_luajtshme","i panjohur","","Pejë","Kosovë","42.6593986","20.2885757","7441676.093","4724655.560","EPSG:9141 (KOSOVAREF01 / Balkans zone 7)","OSM Nominatim / DTK","e përafërt","e mirë","e pa përcaktuar","Veshje popullore e burrit- Krahina e Rugovës. Këtë veshje e karakterizon pos motiveve të pasura ornamentike edhe struktura e pasur morfologjike por jo me shmangie të veçorive tipologjike të veshjes. Kjo veshje në vështri...","DTK","https://dtk.rks-gov.net/Objekti?heritageId=9829","po","klasa=N.A.; heritageId=9829"
"LUA-027","Veshje popullore burri","luajtshme","objekt_luajtshme","i panjohur","","Skënderaj","Kosovë","42.7475690","20.7891645","7482739.783","4734225.342","EPSG:9141 (KOSOVAREF01 / Balkans zone 7)","OSM Nominatim / DTK","e përafërt","e mirë","e pa përcaktuar","Veshje popullore e burrit- Krahina e Drenicës. Elementi më tipik i kësaj veshje janë tirqit të cilët kanë formën e pantollonave të ngushta prej zhgunit me ngjyrë të kaftë. Është barte deri në shek. XX, e në raste të veça...","DTK","https://dtk.rks-gov.net/Objekti?heritageId=9831","po","klasa=N.A.; heritageId=9831"
"LUA-028","Veshje popullore gruaje","luajtshme","objekt_luajtshme","i panjohur","","Skënderaj","Kosovë","42.7475690","20.7891645","7482739.783","4734225.342","EPSG:9141 (KOSOVAREF01 / Balkans zone 7)","OSM Nominatim / DTK","e përafërt","e mirë","e pa përcaktuar","Veshje popullore gruaje- Krahina e Drenicës. Kjo veshje dallon për origjinalitetin e vet si, për nga lënda, qepja, bukuria, gjithashtu edhe për nga funksionaliteti, ornamentika e larmishme etj. Karakteristikë e veshjës s...","DTK","https://dtk.rks-gov.net/Objekti?heritageId=9830","po","klasa=N.A.; heritageId=9830"
"LUA-029","Shokë burri","luajtshme","objekt_luajtshme","i panjohur","","Viti","Kosovë","42.3187997","21.3571197","7529436.571","4686641.055","EPSG:9141 (KOSOVAREF01 / Balkans zone 7)","OSM Nominatim (Viti, Kosovo)","e përafërt","e mirë","e pa përcaktuar","Shokë burri- Pjesë e veshjës popullore, e punuar në vek. I përket shek.XX","DTK","https://dtk.rks-gov.net/Objekti?heritageId=9823","po","klasa=N.A.; heritageId=9823"